11:43:09.310	listening
11:43:17.965	DesktopGuides.Production	NotificationKind_Other	NotificationProcessing_ImportantMostRecent	DesktopGuidesStatus	Loading library…
11:43:17.984	DesktopGuides.Production	NotificationKind_Other	NotificationProcessing_ImportantMostRecent	DesktopGuidesStatus	Library ready.
11:43:19.531	DesktopGuides.Production	NotificationKind_Other	NotificationProcessing_ImportantMostRecent	DesktopGuidesStatus	Loading game…
11:43:19.547	DesktopGuides.Production	NotificationKind_Other	NotificationProcessing_ImportantMostRecent	DesktopGuidesStatus	Game ready.
11:43:20.158	DesktopGuides.Production	NotificationKind_Other	NotificationProcessing_ImportantMostRecent	DesktopGuidesStatus	Opening guide…
11:43:20.206	DesktopGuides.Production	NotificationKind_Other	NotificationProcessing_ImportantMostRecent	DesktopGuidesStatus	Loading guide…
11:43:21.322	DesktopGuides.Production	NotificationKind_Other	NotificationProcessing_ImportantMostRecent	DesktopGuidesStatus	Guide ready.
11:43:26.243	DesktopGuides.Production	NotificationKind_Other	NotificationProcessing_CurrentThenMostRecent	InfoBarOpenedActivityId	Informational icon This link leaves Desktop Guides 
11:43:26.415	DesktopGuides.Production	NotificationKind_Other	NotificationProcessing_CurrentThenMostRecent	InfoBarClosedActivityId	InfoBar dismissed
11:43:26.766	DesktopGuides.Production	NotificationKind_Other	NotificationProcessing_CurrentThenMostRecent	InfoBarOpenedActivityId	Informational icon This link leaves Desktop Guides 
11:43:26.800	DesktopGuides.Production	NotificationKind_Other	NotificationProcessing_CurrentThenMostRecent	InfoBarClosedActivityId	InfoBar dismissed
11:43:27.946	DesktopGuides.Production	NotificationKind_Other	NotificationProcessing_ImportantMostRecent	DesktopGuidesStatus	Loading game…
11:43:27.973	DesktopGuides.Production	NotificationKind_Other	NotificationProcessing_ImportantMostRecent	DesktopGuidesStatus	Game ready.
11:43:28.489	DesktopGuides.Production	NotificationKind_Other	NotificationProcessing_ImportantMostRecent	DesktopGuidesStatus	Opening guide…
11:43:28.500	DesktopGuides.Production	NotificationKind_Other	NotificationProcessing_ImportantMostRecent	DesktopGuidesStatus	Loading guide…
11:43:29.266	DesktopGuides.Production	NotificationKind_Other	NotificationProcessing_ImportantMostRecent	DesktopGuidesStatus	Guide ready.
11:43:30.718	DesktopGuides.Production	NotificationKind_Other	NotificationProcessing_ImportantAll	InfoBarOpenedActivityId	Warning icon  This guide stopped responding.
11:43:30.988	DesktopGuides.Production	NotificationKind_Other	NotificationProcessing_ImportantAll	InfoBarClosedActivityId	InfoBar dismissed
11:43:30.988	DesktopGuides.Production	NotificationKind_Other	NotificationProcessing_ImportantMostRecent	DesktopGuidesStatus	Loading guide…
11:43:31.750	DesktopGuides.Production	NotificationKind_Other	NotificationProcessing_ImportantMostRecent	DesktopGuidesStatus	Guide ready.
11:43:32.796	DesktopGuides.Production	NotificationKind_Other	NotificationProcessing_ImportantMostRecent	DesktopGuidesStatus	Loading game…
11:43:32.807	DesktopGuides.Production	NotificationKind_Other	NotificationProcessing_ImportantMostRecent	DesktopGuidesStatus	Game ready.
11:43:38.005	DesktopGuides.Production	NotificationKind_Other	NotificationProcessing_ImportantMostRecent	DesktopGuidesStatus	Loading library…
11:43:38.025	DesktopGuides.Production	NotificationKind_Other	NotificationProcessing_ImportantMostRecent	DesktopGuidesStatus	Library ready.
11:43:39.975	DesktopGuides.Production	NotificationKind_Other	NotificationProcessing_ImportantMostRecent	DesktopGuidesStatus	Loading game…
11:43:39.996	DesktopGuides.Production	NotificationKind_Other	NotificationProcessing_ImportantMostRecent	DesktopGuidesStatus	Game ready.
11:43:40.585	DesktopGuides.Production	NotificationKind_Other	NotificationProcessing_ImportantMostRecent	DesktopGuidesStatus	Opening guide…
11:43:40.628	DesktopGuides.Production	NotificationKind_Other	NotificationProcessing_ImportantMostRecent	DesktopGuidesStatus	Loading guide…
11:43:41.624	DesktopGuides.Production	NotificationKind_Other	NotificationProcessing_ImportantMostRecent	DesktopGuidesStatus	Guide ready.
11:43:46.307	DesktopGuides.Production	NotificationKind_Other	NotificationProcessing_CurrentThenMostRecent	InfoBarOpenedActivityId	Informational icon This link leaves Desktop Guides 
11:43:46.658	DesktopGuides.Production	NotificationKind_Other	NotificationProcessing_CurrentThenMostRecent	InfoBarClosedActivityId	InfoBar dismissed
11:43:46.983	DesktopGuides.Production	NotificationKind_Other	NotificationProcessing_CurrentThenMostRecent	InfoBarOpenedActivityId	Informational icon This link leaves Desktop Guides 
11:43:47.020	DesktopGuides.Production	NotificationKind_Other	NotificationProcessing_CurrentThenMostRecent	InfoBarClosedActivityId	InfoBar dismissed
11:43:48.044	DesktopGuides.Production	NotificationKind_Other	NotificationProcessing_ImportantMostRecent	DesktopGuidesStatus	Loading game…
11:43:48.057	DesktopGuides.Production	NotificationKind_Other	NotificationProcessing_ImportantMostRecent	DesktopGuidesStatus	Game ready.
11:43:48.565	DesktopGuides.Production	NotificationKind_Other	NotificationProcessing_ImportantMostRecent	DesktopGuidesStatus	Opening guide…
11:43:48.576	DesktopGuides.Production	NotificationKind_Other	NotificationProcessing_ImportantMostRecent	DesktopGuidesStatus	Loading guide…
11:43:49.461	DesktopGuides.Production	NotificationKind_Other	NotificationProcessing_ImportantMostRecent	DesktopGuidesStatus	Guide ready.
11:43:50.674	DesktopGuides.Production	NotificationKind_Other	NotificationProcessing_ImportantAll	InfoBarOpenedActivityId	Warning icon  This guide stopped responding.
11:43:50.917	DesktopGuides.Production	NotificationKind_Other	NotificationProcessing_ImportantAll	InfoBarClosedActivityId	InfoBar dismissed
11:43:50.917	DesktopGuides.Production	NotificationKind_Other	NotificationProcessing_ImportantMostRecent	DesktopGuidesStatus	Loading guide…
11:43:51.726	DesktopGuides.Production	NotificationKind_Other	NotificationProcessing_ImportantMostRecent	DesktopGuidesStatus	Guide ready.
11:43:52.731	DesktopGuides.Production	NotificationKind_Other	NotificationProcessing_ImportantMostRecent	DesktopGuidesStatus	Loading game…
11:43:52.746	DesktopGuides.Production	NotificationKind_Other	NotificationProcessing_ImportantMostRecent	DesktopGuidesStatus	Game ready.
11:43:56.298	DesktopGuides.Production	NotificationKind_Other	NotificationProcessing_CurrentThenMostRecent	InfoBarClosedActivityId	InfoBar dismissed
11:43:56.301	DesktopGuides.Production	NotificationKind_Other	NotificationProcessing_ImportantMostRecent	DesktopGuidesStatus	Loading library…
11:43:56.319	DesktopGuides.Production	NotificationKind_Other	NotificationProcessing_ImportantMostRecent	DesktopGuidesStatus	Library ready.
11:43:58.054	DesktopGuides.Production	NotificationKind_Other	NotificationProcessing_ImportantMostRecent	DesktopGuidesStatus	Loading game…
11:43:58.077	DesktopGuides.Production	NotificationKind_Other	NotificationProcessing_ImportantMostRecent	DesktopGuidesStatus	Game ready.
11:43:58.668	DesktopGuides.Production	NotificationKind_Other	NotificationProcessing_ImportantMostRecent	DesktopGuidesStatus	Opening guide…
11:43:58.710	DesktopGuides.Production	NotificationKind_Other	NotificationProcessing_ImportantMostRecent	DesktopGuidesStatus	Loading guide…
11:43:58.798	DesktopGuides.Production	NotificationKind_Other	NotificationProcessing_ImportantAll	InfoBarOpenedActivityId	Warning icon  Web page guides need the Microsoft Edge WebView2 Runtime.
11:44:00.159	DesktopGuides.Production	NotificationKind_Other	NotificationProcessing_ImportantAll	InfoBarClosedActivityId	InfoBar dismissed
11:44:00.159	DesktopGuides.Production	NotificationKind_Other	NotificationProcessing_ImportantMostRecent	DesktopGuidesStatus	Loading game…
11:44:00.174	DesktopGuides.Production	NotificationKind_Other	NotificationProcessing_ImportantMostRecent	DesktopGuidesStatus	Game ready.
11:44:00.675	DesktopGuides.Production	NotificationKind_Other	NotificationProcessing_ImportantMostRecent	DesktopGuidesStatus	Opening guide…
11:44:00.689	DesktopGuides.Production	NotificationKind_Other	NotificationProcessing_ImportantMostRecent	DesktopGuidesStatus	Loading guide…
11:44:00.701	DesktopGuides.Production	NotificationKind_Other	NotificationProcessing_ImportantAll	InfoBarOpenedActivityId	Warning icon  This guide's file is missing from the library.
11:44:00.927	DesktopGuides.Production	NotificationKind_Other	NotificationProcessing_ImportantAll	InfoBarClosedActivityId	InfoBar dismissed
11:44:00.928	DesktopGuides.Production	NotificationKind_Other	NotificationProcessing_ImportantMostRecent	DesktopGuidesStatus	Loading game…
11:44:00.943	DesktopGuides.Production	NotificationKind_Other	NotificationProcessing_ImportantMostRecent	DesktopGuidesStatus	Game ready.
11:44:01.454	DesktopGuides.Production	NotificationKind_Other	NotificationProcessing_ImportantMostRecent	DesktopGuidesStatus	Opening guide…
11:44:01.463	DesktopGuides.Production	NotificationKind_Other	NotificationProcessing_ImportantMostRecent	DesktopGuidesStatus	Loading guide…
11:44:01.532	DesktopGuides.Production	NotificationKind_Other	NotificationProcessing_ImportantMostRecent	DesktopGuidesStatus	Guide ready.
11:44:02.250	DesktopGuides.Production	NotificationKind_Other	NotificationProcessing_ImportantMostRecent	DesktopGuidesStatus	Loading game…
11:44:02.263	DesktopGuides.Production	NotificationKind_Other	NotificationProcessing_ImportantMostRecent	DesktopGuidesStatus	Game ready.
11:44:05.839	DesktopGuides.Production	NotificationKind_Other	NotificationProcessing_CurrentThenMostRecent	InfoBarClosedActivityId	InfoBar dismissed
11:44:05.845	DesktopGuides.Production	NotificationKind_Other	NotificationProcessing_ImportantMostRecent	DesktopGuidesStatus	Loading library…
11:44:05.852	DesktopGuides.Production	NotificationKind_Other	NotificationProcessing_ImportantMostRecent	DesktopGuidesStatus	Library ready.
11:44:08.195	DesktopGuides.Production	NotificationKind_Other	NotificationProcessing_ImportantMostRecent	DesktopGuidesStatus	Loading game…
11:44:08.209	DesktopGuides.Production	NotificationKind_Other	NotificationProcessing_ImportantMostRecent	DesktopGuidesStatus	Game ready.
11:44:08.777	DesktopGuides.Production	NotificationKind_Other	NotificationProcessing_ImportantMostRecent	DesktopGuidesStatus	Opening guide…
11:44:08.817	DesktopGuides.Production	NotificationKind_Other	NotificationProcessing_ImportantMostRecent	DesktopGuidesStatus	Loading guide…
11:44:09.793	DesktopGuides.Production	NotificationKind_Other	NotificationProcessing_ImportantMostRecent	DesktopGuidesStatus	Guide ready.
11:44:21.082	DesktopGuides.Production	NotificationKind_Other	NotificationProcessing_ImportantMostRecent	DesktopGuidesStatus	Text size 110%.
11:44:21.103	DesktopGuides.Production	NotificationKind_Other	NotificationProcessing_ImportantMostRecent	DesktopGuidesStatus	Text size 125%.
11:44:21.116	DesktopGuides.Production	NotificationKind_Other	NotificationProcessing_ImportantMostRecent	DesktopGuidesStatus	Text size 150%.
11:44:22.258	DesktopGuides.Production	NotificationKind_Other	NotificationProcessing_ImportantMostRecent	DesktopGuidesStatus	Text size 175%.
11:44:22.267	DesktopGuides.Production	NotificationKind_Other	NotificationProcessing_ImportantMostRecent	DesktopGuidesStatus	Text size 200%.
11:44:23.322	DesktopGuides.Production	NotificationKind_Other	NotificationProcessing_ImportantMostRecent	DesktopGuidesStatus	Text size 175%.
11:44:23.336	DesktopGuides.Production	NotificationKind_Other	NotificationProcessing_ImportantMostRecent	DesktopGuidesStatus	Text size 150%.
11:44:23.344	DesktopGuides.Production	NotificationKind_Other	NotificationProcessing_ImportantMostRecent	DesktopGuidesStatus	Text size 125%.
11:44:23.350	DesktopGuides.Production	NotificationKind_Other	NotificationProcessing_ImportantMostRecent	DesktopGuidesStatus	Text size 110%.
11:44:23.357	DesktopGuides.Production	NotificationKind_Other	NotificationProcessing_ImportantMostRecent	DesktopGuidesStatus	Text size 100%.
11:44:23.363	DesktopGuides.Production	NotificationKind_Other	NotificationProcessing_ImportantMostRecent	DesktopGuidesStatus	Text size 90%.
11:44:23.370	DesktopGuides.Production	NotificationKind_Other	NotificationProcessing_ImportantMostRecent	DesktopGuidesStatus	Text size 75%.
11:44:24.487	DesktopGuides.Production	NotificationKind_Other	NotificationProcessing_ImportantMostRecent	DesktopGuidesStatus	Text size 90%.
11:44:24.499	DesktopGuides.Production	NotificationKind_Other	NotificationProcessing_ImportantMostRecent	DesktopGuidesStatus	Text size 100%.
11:44:30.916	DesktopGuides.Production	NotificationKind_Other	NotificationProcessing_ImportantMostRecent	DesktopGuidesStatus	Loading game…
11:44:30.942	DesktopGuides.Production	NotificationKind_Other	NotificationProcessing_ImportantMostRecent	DesktopGuidesStatus	Game ready.
11:44:31.471	DesktopGuides.Production	NotificationKind_Other	NotificationProcessing_ImportantMostRecent	DesktopGuidesStatus	Opening guide…
11:44:31.486	DesktopGuides.Production	NotificationKind_Other	NotificationProcessing_ImportantMostRecent	DesktopGuidesStatus	Loading guide…
11:44:32.286	DesktopGuides.Production	NotificationKind_Other	NotificationProcessing_ImportantMostRecent	DesktopGuidesStatus	Guide ready.
11:44:35.368	DesktopGuides.Production	NotificationKind_Other	NotificationProcessing_ImportantMostRecent	DesktopGuidesStatus	Your place may have shifted.
11:44:35.369	DesktopGuides.Production	NotificationKind_Other	NotificationProcessing_ImportantMostRecent	DesktopGuidesStatus	Text size 110%. Your place may have shifted.
11:44:35.369	DesktopGuides.Production	NotificationKind_Other	NotificationProcessing_ImportantMostRecent	DesktopGuidesStatus	Text size 110%. Your place may have shifted.
11:44:35.377	DesktopGuides.Production	NotificationKind_Other	NotificationProcessing_CurrentThenMostRecent	InfoBarOpenedActivityId	Informational icon  Your place may have shifted.
11:44:35.920	DesktopGuides.Production	NotificationKind_Other	NotificationProcessing_ImportantMostRecent	DesktopGuidesStatus	Your place may have shifted.
11:44:35.921	DesktopGuides.Production	NotificationKind_Other	NotificationProcessing_ImportantMostRecent	DesktopGuidesStatus	Text size 100%. Your place may have shifted.
11:44:35.923	DesktopGuides.Production	NotificationKind_Other	NotificationProcessing_ImportantMostRecent	DesktopGuidesStatus	Text size 100%. Your place may have shifted.
11:44:41.418	DesktopGuides.Production	NotificationKind_Other	NotificationProcessing_CurrentThenMostRecent	InfoBarClosedActivityId	InfoBar dismissed
11:44:41.686	DesktopGuides.Production	NotificationKind_Other	NotificationProcessing_ImportantMostRecent	DesktopGuidesStatus	Loading game…
11:44:41.698	DesktopGuides.Production	NotificationKind_Other	NotificationProcessing_ImportantMostRecent	DesktopGuidesStatus	Game ready.
11:44:42.244	DesktopGuides.Production	NotificationKind_Other	NotificationProcessing_ImportantMostRecent	DesktopGuidesStatus	Opening guide…
11:44:42.254	DesktopGuides.Production	NotificationKind_Other	NotificationProcessing_ImportantMostRecent	DesktopGuidesStatus	Loading guide…
11:44:43.090	DesktopGuides.Production	NotificationKind_Other	NotificationProcessing_ImportantMostRecent	DesktopGuidesStatus	Guide ready.
11:44:44.360	DesktopGuides.Production	NotificationKind_Other	NotificationProcessing_ImportantMostRecent	DesktopGuidesStatus	Text size 110%.
11:44:45.140	DesktopGuides.Production	NotificationKind_Other	NotificationProcessing_ImportantMostRecent	DesktopGuidesStatus	Text size 100%.
11:44:46.142	DesktopGuides.Production	NotificationKind_Other	NotificationProcessing_ImportantMostRecent	DesktopGuidesStatus	Loading game…
11:44:46.154	DesktopGuides.Production	NotificationKind_Other	NotificationProcessing_ImportantMostRecent	DesktopGuidesStatus	Game ready.
11:44:46.987	DesktopGuides.Production	NotificationKind_Other	NotificationProcessing_ImportantMostRecent	DesktopGuidesStatus	Opening guide…
11:44:46.996	DesktopGuides.Production	NotificationKind_Other	NotificationProcessing_ImportantMostRecent	DesktopGuidesStatus	Loading guide…
11:44:47.863	DesktopGuides.Production	NotificationKind_Other	NotificationProcessing_ImportantMostRecent	DesktopGuidesStatus	Guide ready.
11:44:49.323	DesktopGuides.Production	NotificationKind_Other	NotificationProcessing_ImportantMostRecent	DesktopGuidesStatus	Loading game…
11:44:49.337	DesktopGuides.Production	NotificationKind_Other	NotificationProcessing_ImportantMostRecent	DesktopGuidesStatus	Game ready.
11:44:50.027	DesktopGuides.Production	NotificationKind_Other	NotificationProcessing_ImportantMostRecent	DesktopGuidesStatus	Opening guide…
11:44:50.038	DesktopGuides.Production	NotificationKind_Other	NotificationProcessing_ImportantMostRecent	DesktopGuidesStatus	Loading guide…
11:44:51.998	DesktopGuides.Production	NotificationKind_Other	NotificationProcessing_ImportantMostRecent	DesktopGuidesStatus	Guide ready.
11:44:53.338	DesktopGuides.Production	NotificationKind_Other	NotificationProcessing_ImportantMostRecent	DesktopGuidesStatus	Loading game…
11:44:53.352	DesktopGuides.Production	NotificationKind_Other	NotificationProcessing_ImportantMostRecent	DesktopGuidesStatus	Game ready.
11:44:54.002	DesktopGuides.Production	NotificationKind_Other	NotificationProcessing_ImportantMostRecent	DesktopGuidesStatus	Opening guide…
11:44:54.011	DesktopGuides.Production	NotificationKind_Other	NotificationProcessing_ImportantMostRecent	DesktopGuidesStatus	Loading guide…
11:44:54.928	DesktopGuides.Production	NotificationKind_Other	NotificationProcessing_CurrentThenMostRecent	InfoBarOpenedActivityId	Informational icon  Opened near your last place. The guide changed since you were here.
11:44:54.928	DesktopGuides.Production	NotificationKind_Other	NotificationProcessing_ImportantMostRecent	DesktopGuidesStatus	Opened near your last place. The guide changed since you were here.
11:44:56.210	DesktopGuides.Production	NotificationKind_Other	NotificationProcessing_CurrentThenMostRecent	InfoBarClosedActivityId	InfoBar dismissed
11:44:56.477	DesktopGuides.Production	NotificationKind_Other	NotificationProcessing_ImportantMostRecent	DesktopGuidesStatus	Loading game…
11:44:56.489	DesktopGuides.Production	NotificationKind_Other	NotificationProcessing_ImportantMostRecent	DesktopGuidesStatus	Game ready.
11:44:57.202	DesktopGuides.Production	NotificationKind_Other	NotificationProcessing_ImportantMostRecent	DesktopGuidesStatus	Opening guide…
11:44:57.211	DesktopGuides.Production	NotificationKind_Other	NotificationProcessing_ImportantMostRecent	DesktopGuidesStatus	Loading guide…
11:44:57.959	DesktopGuides.Production	NotificationKind_Other	NotificationProcessing_ImportantAll	InfoBarOpenedActivityId	Warning icon  Couldn't return to your last place, so the guide opened at the start.
11:44:59.015	DesktopGuides.Production	NotificationKind_Other	NotificationProcessing_ImportantAll	InfoBarClosedActivityId	InfoBar dismissed
11:44:59.015	DesktopGuides.Production	NotificationKind_Other	NotificationProcessing_ImportantMostRecent	DesktopGuidesStatus	Loading game…
11:44:59.026	DesktopGuides.Production	NotificationKind_Other	NotificationProcessing_ImportantMostRecent	DesktopGuidesStatus	Game ready.
11:44:59.747	DesktopGuides.Production	NotificationKind_Other	NotificationProcessing_ImportantMostRecent	DesktopGuidesStatus	Opening guide…
11:44:59.757	DesktopGuides.Production	NotificationKind_Other	NotificationProcessing_ImportantMostRecent	DesktopGuidesStatus	Loading guide…
11:45:00.688	DesktopGuides.Production	NotificationKind_Other	NotificationProcessing_ImportantMostRecent	DesktopGuidesStatus	Guide ready.
11:45:02.031	DesktopGuides.Production	NotificationKind_Other	NotificationProcessing_CurrentThenMostRecent	InfoBarOpenedActivityId	Informational icon  This link goes to a page that isn't part of the imported guide.
11:45:03.773	DesktopGuides.Production	NotificationKind_Other	NotificationProcessing_CurrentThenMostRecent	InfoBarClosedActivityId	InfoBar dismissed
11:45:03.774	DesktopGuides.Production	NotificationKind_Other	NotificationProcessing_CurrentThenMostRecent	InfoBarOpenedActivityId	Informational icon This link leaves Desktop Guides 
11:45:03.963	DesktopGuides.Production	NotificationKind_Other	NotificationProcessing_CurrentThenMostRecent	InfoBarClosedActivityId	InfoBar dismissed
11:45:03.964	DesktopGuides.Production	NotificationKind_Other	NotificationProcessing_CurrentThenMostRecent	InfoBarOpenedActivityId	Informational icon  This link goes to a page that isn't part of the imported guide.
11:45:04.005	DesktopGuides.Production	NotificationKind_Other	NotificationProcessing_CurrentThenMostRecent	InfoBarClosedActivityId	InfoBar dismissed
11:45:04.277	DesktopGuides.Production	NotificationKind_Other	NotificationProcessing_ImportantMostRecent	DesktopGuidesStatus	Loading game…
11:45:04.290	DesktopGuides.Production	NotificationKind_Other	NotificationProcessing_ImportantMostRecent	DesktopGuidesStatus	Game ready.
11:45:04.978	DesktopGuides.Production	NotificationKind_Other	NotificationProcessing_ImportantMostRecent	DesktopGuidesStatus	Opening guide…
11:45:04.986	DesktopGuides.Production	NotificationKind_Other	NotificationProcessing_ImportantMostRecent	DesktopGuidesStatus	Loading guide…
11:45:05.848	DesktopGuides.Production	NotificationKind_Other	NotificationProcessing_ImportantMostRecent	DesktopGuidesStatus	Guide ready.
11:45:06.787	DesktopGuides.Production	NotificationKind_Other	NotificationProcessing_ImportantMostRecent	DesktopGuidesStatus	Loading game…
11:45:06.798	DesktopGuides.Production	NotificationKind_Other	NotificationProcessing_ImportantMostRecent	DesktopGuidesStatus	Game ready.
11:45:09.960	DesktopGuides.Production	NotificationKind_Other	NotificationProcessing_CurrentThenMostRecent	InfoBarClosedActivityId	InfoBar dismissed
11:45:09.991	DesktopGuides.Production	NotificationKind_Other	NotificationProcessing_ImportantMostRecent	DesktopGuidesStatus	Loading library…
11:45:10.008	DesktopGuides.Production	NotificationKind_Other	NotificationProcessing_ImportantMostRecent	DesktopGuidesStatus	Library ready.
11:45:12.211	DesktopGuides.Production	NotificationKind_Other	NotificationProcessing_ImportantMostRecent	DesktopGuidesStatus	Loading game…
11:45:12.232	DesktopGuides.Production	NotificationKind_Other	NotificationProcessing_ImportantMostRecent	DesktopGuidesStatus	Game ready.
11:45:12.808	DesktopGuides.Production	NotificationKind_Other	NotificationProcessing_ImportantMostRecent	DesktopGuidesStatus	Opening guide…
11:45:12.849	DesktopGuides.Production	NotificationKind_Other	NotificationProcessing_ImportantMostRecent	DesktopGuidesStatus	Loading guide…
11:45:13.834	DesktopGuides.Production	NotificationKind_Other	NotificationProcessing_ImportantMostRecent	DesktopGuidesStatus	Guide ready.
11:45:25.068	DesktopGuides.Production	NotificationKind_Other	NotificationProcessing_ImportantMostRecent	DesktopGuidesStatus	Text size 110%.
11:45:25.088	DesktopGuides.Production	NotificationKind_Other	NotificationProcessing_ImportantMostRecent	DesktopGuidesStatus	Text size 125%.
11:45:25.094	DesktopGuides.Production	NotificationKind_Other	NotificationProcessing_ImportantMostRecent	DesktopGuidesStatus	Text size 150%.
11:45:26.152	DesktopGuides.Production	NotificationKind_Other	NotificationProcessing_ImportantMostRecent	DesktopGuidesStatus	Text size 175%.
11:45:26.161	DesktopGuides.Production	NotificationKind_Other	NotificationProcessing_ImportantMostRecent	DesktopGuidesStatus	Text size 200%.
11:45:27.215	DesktopGuides.Production	NotificationKind_Other	NotificationProcessing_ImportantMostRecent	DesktopGuidesStatus	Text size 175%.
11:45:27.226	DesktopGuides.Production	NotificationKind_Other	NotificationProcessing_ImportantMostRecent	DesktopGuidesStatus	Text size 150%.
11:45:27.232	DesktopGuides.Production	NotificationKind_Other	NotificationProcessing_ImportantMostRecent	DesktopGuidesStatus	Text size 125%.
11:45:27.239	DesktopGuides.Production	NotificationKind_Other	NotificationProcessing_ImportantMostRecent	DesktopGuidesStatus	Text size 110%.
11:45:27.250	DesktopGuides.Production	NotificationKind_Other	NotificationProcessing_ImportantMostRecent	DesktopGuidesStatus	Text size 100%.
11:45:27.257	DesktopGuides.Production	NotificationKind_Other	NotificationProcessing_ImportantMostRecent	DesktopGuidesStatus	Text size 90%.
11:45:27.263	DesktopGuides.Production	NotificationKind_Other	NotificationProcessing_ImportantMostRecent	DesktopGuidesStatus	Text size 75%.
11:45:28.365	DesktopGuides.Production	NotificationKind_Other	NotificationProcessing_ImportantMostRecent	DesktopGuidesStatus	Text size 90%.
11:45:28.376	DesktopGuides.Production	NotificationKind_Other	NotificationProcessing_ImportantMostRecent	DesktopGuidesStatus	Text size 100%.
11:45:34.754	DesktopGuides.Production	NotificationKind_Other	NotificationProcessing_ImportantMostRecent	DesktopGuidesStatus	Loading game…
11:45:34.768	DesktopGuides.Production	NotificationKind_Other	NotificationProcessing_ImportantMostRecent	DesktopGuidesStatus	Game ready.
11:45:35.310	DesktopGuides.Production	NotificationKind_Other	NotificationProcessing_ImportantMostRecent	DesktopGuidesStatus	Opening guide…
11:45:35.320	DesktopGuides.Production	NotificationKind_Other	NotificationProcessing_ImportantMostRecent	DesktopGuidesStatus	Loading guide…
11:45:36.077	DesktopGuides.Production	NotificationKind_Other	NotificationProcessing_ImportantMostRecent	DesktopGuidesStatus	Guide ready.
11:45:39.181	DesktopGuides.Production	NotificationKind_Other	NotificationProcessing_ImportantMostRecent	DesktopGuidesStatus	Your place may have shifted.
11:45:39.181	DesktopGuides.Production	NotificationKind_Other	NotificationProcessing_ImportantMostRecent	DesktopGuidesStatus	Text size 110%. Your place may have shifted.
11:45:39.182	DesktopGuides.Production	NotificationKind_Other	NotificationProcessing_ImportantMostRecent	DesktopGuidesStatus	Text size 110%. Your place may have shifted.
11:45:39.192	DesktopGuides.Production	NotificationKind_Other	NotificationProcessing_CurrentThenMostRecent	InfoBarOpenedActivityId	Informational icon  Your place may have shifted.
11:45:39.793	DesktopGuides.Production	NotificationKind_Other	NotificationProcessing_ImportantMostRecent	DesktopGuidesStatus	Your place may have shifted.
11:45:39.793	DesktopGuides.Production	NotificationKind_Other	NotificationProcessing_ImportantMostRecent	DesktopGuidesStatus	Text size 100%. Your place may have shifted.
11:45:39.795	DesktopGuides.Production	NotificationKind_Other	NotificationProcessing_ImportantMostRecent	DesktopGuidesStatus	Text size 100%. Your place may have shifted.
11:45:45.289	DesktopGuides.Production	NotificationKind_Other	NotificationProcessing_CurrentThenMostRecent	InfoBarClosedActivityId	InfoBar dismissed
11:45:45.554	DesktopGuides.Production	NotificationKind_Other	NotificationProcessing_ImportantMostRecent	DesktopGuidesStatus	Loading game…
11:45:45.565	DesktopGuides.Production	NotificationKind_Other	NotificationProcessing_ImportantMostRecent	DesktopGuidesStatus	Game ready.
11:45:46.082	DesktopGuides.Production	NotificationKind_Other	NotificationProcessing_ImportantMostRecent	DesktopGuidesStatus	Opening guide…
11:45:46.092	DesktopGuides.Production	NotificationKind_Other	NotificationProcessing_ImportantMostRecent	DesktopGuidesStatus	Loading guide…
11:45:47.009	DesktopGuides.Production	NotificationKind_Other	NotificationProcessing_ImportantMostRecent	DesktopGuidesStatus	Guide ready.
11:45:48.238	DesktopGuides.Production	NotificationKind_Other	NotificationProcessing_ImportantMostRecent	DesktopGuidesStatus	Text size 110%.
11:45:48.997	DesktopGuides.Production	NotificationKind_Other	NotificationProcessing_ImportantMostRecent	DesktopGuidesStatus	Text size 100%.
11:45:50.054	DesktopGuides.Production	NotificationKind_Other	NotificationProcessing_ImportantMostRecent	DesktopGuidesStatus	Loading game…
11:45:50.068	DesktopGuides.Production	NotificationKind_Other	NotificationProcessing_ImportantMostRecent	DesktopGuidesStatus	Game ready.
11:45:51.116	DesktopGuides.Production	NotificationKind_Other	NotificationProcessing_ImportantMostRecent	DesktopGuidesStatus	Opening guide…
11:45:51.124	DesktopGuides.Production	NotificationKind_Other	NotificationProcessing_ImportantMostRecent	DesktopGuidesStatus	Loading guide…
11:45:52.040	DesktopGuides.Production	NotificationKind_Other	NotificationProcessing_ImportantMostRecent	DesktopGuidesStatus	Guide ready.
11:45:53.402	DesktopGuides.Production	NotificationKind_Other	NotificationProcessing_ImportantMostRecent	DesktopGuidesStatus	Loading game…
11:45:53.417	DesktopGuides.Production	NotificationKind_Other	NotificationProcessing_ImportantMostRecent	DesktopGuidesStatus	Game ready.
11:45:54.141	DesktopGuides.Production	NotificationKind_Other	NotificationProcessing_ImportantMostRecent	DesktopGuidesStatus	Opening guide…
11:45:54.150	DesktopGuides.Production	NotificationKind_Other	NotificationProcessing_ImportantMostRecent	DesktopGuidesStatus	Loading guide…
11:45:55.964	DesktopGuides.Production	NotificationKind_Other	NotificationProcessing_ImportantMostRecent	DesktopGuidesStatus	Guide ready.
11:45:57.504	DesktopGuides.Production	NotificationKind_Other	NotificationProcessing_ImportantMostRecent	DesktopGuidesStatus	Loading game…
11:45:57.517	DesktopGuides.Production	NotificationKind_Other	NotificationProcessing_ImportantMostRecent	DesktopGuidesStatus	Game ready.
11:45:58.057	DesktopGuides.Production	NotificationKind_Other	NotificationProcessing_ImportantMostRecent	DesktopGuidesStatus	Opening guide…
11:45:58.065	DesktopGuides.Production	NotificationKind_Other	NotificationProcessing_ImportantMostRecent	DesktopGuidesStatus	Loading guide…
11:45:58.945	DesktopGuides.Production	NotificationKind_Other	NotificationProcessing_CurrentThenMostRecent	InfoBarOpenedActivityId	Informational icon  Opened near your last place. The guide changed since you were here.
11:45:58.946	DesktopGuides.Production	NotificationKind_Other	NotificationProcessing_ImportantMostRecent	DesktopGuidesStatus	Opened near your last place. The guide changed since you were here.
11:45:59.995	DesktopGuides.Production	NotificationKind_Other	NotificationProcessing_CurrentThenMostRecent	InfoBarClosedActivityId	InfoBar dismissed
11:46:00.253	DesktopGuides.Production	NotificationKind_Other	NotificationProcessing_ImportantMostRecent	DesktopGuidesStatus	Loading game…
11:46:00.267	DesktopGuides.Production	NotificationKind_Other	NotificationProcessing_ImportantMostRecent	DesktopGuidesStatus	Game ready.
11:46:00.981	DesktopGuides.Production	NotificationKind_Other	NotificationProcessing_ImportantMostRecent	DesktopGuidesStatus	Opening guide…
11:46:00.991	DesktopGuides.Production	NotificationKind_Other	NotificationProcessing_ImportantMostRecent	DesktopGuidesStatus	Loading guide…
11:46:01.882	DesktopGuides.Production	NotificationKind_Other	NotificationProcessing_ImportantAll	InfoBarOpenedActivityId	Warning icon  Couldn't return to your last place, so the guide opened at the start.
11:46:02.732	DesktopGuides.Production	NotificationKind_Other	NotificationProcessing_ImportantAll	InfoBarClosedActivityId	InfoBar dismissed
11:46:02.735	DesktopGuides.Production	NotificationKind_Other	NotificationProcessing_ImportantMostRecent	DesktopGuidesStatus	Loading game…
11:46:02.746	DesktopGuides.Production	NotificationKind_Other	NotificationProcessing_ImportantMostRecent	DesktopGuidesStatus	Game ready.
11:46:03.285	DesktopGuides.Production	NotificationKind_Other	NotificationProcessing_ImportantMostRecent	DesktopGuidesStatus	Opening guide…
11:46:03.293	DesktopGuides.Production	NotificationKind_Other	NotificationProcessing_ImportantMostRecent	DesktopGuidesStatus	Loading guide…
11:46:04.285	DesktopGuides.Production	NotificationKind_Other	NotificationProcessing_ImportantMostRecent	DesktopGuidesStatus	Guide ready.
11:46:05.720	DesktopGuides.Production	NotificationKind_Other	NotificationProcessing_CurrentThenMostRecent	InfoBarOpenedActivityId	Informational icon  This link goes to a page that isn't part of the imported guide.
11:46:07.710	DesktopGuides.Production	NotificationKind_Other	NotificationProcessing_CurrentThenMostRecent	InfoBarClosedActivityId	InfoBar dismissed
11:46:07.710	DesktopGuides.Production	NotificationKind_Other	NotificationProcessing_CurrentThenMostRecent	InfoBarOpenedActivityId	Informational icon This link leaves Desktop Guides 
11:46:08.083	DesktopGuides.Production	NotificationKind_Other	NotificationProcessing_CurrentThenMostRecent	InfoBarClosedActivityId	InfoBar dismissed
11:46:08.083	DesktopGuides.Production	NotificationKind_Other	NotificationProcessing_CurrentThenMostRecent	InfoBarOpenedActivityId	Informational icon  This link goes to a page that isn't part of the imported guide.
11:46:08.122	DesktopGuides.Production	NotificationKind_Other	NotificationProcessing_CurrentThenMostRecent	InfoBarClosedActivityId	InfoBar dismissed
11:46:08.389	DesktopGuides.Production	NotificationKind_Other	NotificationProcessing_ImportantMostRecent	DesktopGuidesStatus	Loading game…
11:46:08.400	DesktopGuides.Production	NotificationKind_Other	NotificationProcessing_ImportantMostRecent	DesktopGuidesStatus	Game ready.
11:46:08.887	DesktopGuides.Production	NotificationKind_Other	NotificationProcessing_ImportantMostRecent	DesktopGuidesStatus	Opening guide…
11:46:08.896	DesktopGuides.Production	NotificationKind_Other	NotificationProcessing_ImportantMostRecent	DesktopGuidesStatus	Loading guide…
11:46:09.808	DesktopGuides.Production	NotificationKind_Other	NotificationProcessing_ImportantMostRecent	DesktopGuidesStatus	Guide ready.
11:46:10.743	DesktopGuides.Production	NotificationKind_Other	NotificationProcessing_ImportantMostRecent	DesktopGuidesStatus	Loading game…
11:46:10.756	DesktopGuides.Production	NotificationKind_Other	NotificationProcessing_ImportantMostRecent	DesktopGuidesStatus	Game ready.
11:46:14.460	DesktopGuides.Production	NotificationKind_Other	NotificationProcessing_ImportantMostRecent	DesktopGuidesStatus	Loading library…
11:46:14.467	DesktopGuides.Production	NotificationKind_Other	NotificationProcessing_ImportantMostRecent	DesktopGuidesStatus	Library ready.
11:46:16.404	DesktopGuides.Production	NotificationKind_Other	NotificationProcessing_ImportantMostRecent	DesktopGuidesStatus	Loading game…
11:46:16.419	DesktopGuides.Production	NotificationKind_Other	NotificationProcessing_ImportantMostRecent	DesktopGuidesStatus	Game ready.
11:46:16.964	DesktopGuides.Production	NotificationKind_Other	NotificationProcessing_ImportantMostRecent	DesktopGuidesStatus	Opening guide…
11:46:17.022	DesktopGuides.Production	NotificationKind_Other	NotificationProcessing_ImportantMostRecent	DesktopGuidesStatus	Loading guide…
11:46:17.905	DesktopGuides.Production	NotificationKind_Other	NotificationProcessing_ImportantMostRecent	DesktopGuidesStatus	Guide ready.
11:46:20.054	DesktopGuides.Production	NotificationKind_Other	NotificationProcessing_ImportantMostRecent	DesktopGuidesStatus	Loading game…
11:46:20.071	DesktopGuides.Production	NotificationKind_Other	NotificationProcessing_ImportantMostRecent	DesktopGuidesStatus	Game ready.
11:46:23.148	DesktopGuides.Production	NotificationKind_Other	NotificationProcessing_ImportantMostRecent	DesktopGuidesStatus	Loading library…
11:46:23.170	DesktopGuides.Production	NotificationKind_Other	NotificationProcessing_ImportantMostRecent	DesktopGuidesStatus	Library ready.
11:46:25.136	DesktopGuides.Production	NotificationKind_Other	NotificationProcessing_ImportantMostRecent	DesktopGuidesStatus	Loading game…
11:46:25.158	DesktopGuides.Production	NotificationKind_Other	NotificationProcessing_ImportantMostRecent	DesktopGuidesStatus	Game ready.
11:46:25.753	DesktopGuides.Production	NotificationKind_Other	NotificationProcessing_ImportantMostRecent	DesktopGuidesStatus	Opening guide…
11:46:25.794	DesktopGuides.Production	NotificationKind_Other	NotificationProcessing_ImportantMostRecent	DesktopGuidesStatus	Loading guide…
11:46:26.830	DesktopGuides.Production	NotificationKind_Other	NotificationProcessing_ImportantMostRecent	DesktopGuidesStatus	Guide ready.
11:46:28.447	DesktopGuides.Production	NotificationKind_Other	NotificationProcessing_ImportantMostRecent	DesktopGuidesStatus	Loading game…
11:46:28.457	DesktopGuides.Production	NotificationKind_Other	NotificationProcessing_ImportantMostRecent	DesktopGuidesStatus	Game ready.
11:46:31.319	DesktopGuides.Production	NotificationKind_Other	NotificationProcessing_CurrentThenMostRecent	InfoBarClosedActivityId	InfoBar dismissed
11:46:31.350	DesktopGuides.Production	NotificationKind_Other	NotificationProcessing_ImportantMostRecent	DesktopGuidesStatus	Loading library…
11:46:31.365	DesktopGuides.Production	NotificationKind_Other	NotificationProcessing_ImportantMostRecent	DesktopGuidesStatus	Library ready.
11:46:33.332	DesktopGuides.Production	NotificationKind_Other	NotificationProcessing_ImportantMostRecent	DesktopGuidesStatus	Loading game…
11:46:33.354	DesktopGuides.Production	NotificationKind_Other	NotificationProcessing_ImportantMostRecent	DesktopGuidesStatus	Game ready.
11:46:33.920	DesktopGuides.Production	NotificationKind_Other	NotificationProcessing_ImportantMostRecent	DesktopGuidesStatus	Opening guide…
11:46:33.963	DesktopGuides.Production	NotificationKind_Other	NotificationProcessing_ImportantMostRecent	DesktopGuidesStatus	Loading guide…
11:46:34.886	DesktopGuides.Production	NotificationKind_Other	NotificationProcessing_ImportantMostRecent	DesktopGuidesStatus	Guide ready.
11:46:38.835	DesktopGuides.Production	NotificationKind_Other	NotificationProcessing_ImportantMostRecent	DesktopGuidesStatus	Loading game…
11:46:38.849	DesktopGuides.Production	NotificationKind_Other	NotificationProcessing_ImportantMostRecent	DesktopGuidesStatus	Game ready.
11:46:42.905	DesktopGuides.Production	NotificationKind_Other	NotificationProcessing_ImportantMostRecent	DesktopGuidesStatus	Loading library…
11:46:42.918	DesktopGuides.Production	NotificationKind_Other	NotificationProcessing_ImportantMostRecent	DesktopGuidesStatus	Library ready.
11:46:45.207	DesktopGuides.Production	NotificationKind_Other	NotificationProcessing_ImportantMostRecent	DesktopGuidesStatus	Loading game…
11:46:45.236	DesktopGuides.Production	NotificationKind_Other	NotificationProcessing_ImportantMostRecent	DesktopGuidesStatus	Game ready.
11:46:45.766	DesktopGuides.Production	NotificationKind_Other	NotificationProcessing_ImportantMostRecent	DesktopGuidesStatus	Opening guide…
11:46:45.829	DesktopGuides.Production	NotificationKind_Other	NotificationProcessing_ImportantMostRecent	DesktopGuidesStatus	Loading guide…
11:46:45.903	DesktopGuides.Production	NotificationKind_Other	NotificationProcessing_ImportantMostRecent	DesktopGuidesStatus	Guide ready.
11:46:46.881	DesktopGuides.Production	NotificationKind_Other	NotificationProcessing_ImportantMostRecent	DesktopGuidesStatus	Text size 110%.
11:46:47.777	DesktopGuides.Production	NotificationKind_Other	NotificationProcessing_ImportantMostRecent	DesktopGuidesStatus	Text size 125%.
11:46:48.695	DesktopGuides.Production	NotificationKind_Other	NotificationProcessing_ImportantMostRecent	DesktopGuidesStatus	Text size 150%.
11:46:49.613	DesktopGuides.Production	NotificationKind_Other	NotificationProcessing_ImportantMostRecent	DesktopGuidesStatus	Text size 175%.
11:46:50.516	DesktopGuides.Production	NotificationKind_Other	NotificationProcessing_ImportantMostRecent	DesktopGuidesStatus	Text size 200%.
11:46:51.509	DesktopGuides.Production	NotificationKind_Other	NotificationProcessing_ImportantMostRecent	DesktopGuidesStatus	Text size 100%.
11:46:52.616	DesktopGuides.Production	NotificationKind_Other	NotificationProcessing_ImportantMostRecent	DesktopGuidesStatus	Text size 90%.
11:46:53.702	DesktopGuides.Production	NotificationKind_Other	NotificationProcessing_ImportantMostRecent	DesktopGuidesStatus	Text size 75%.
11:46:56.539	DesktopGuides.Production	NotificationKind_Other	NotificationProcessing_ImportantMostRecent	DesktopGuidesStatus	Text size 100%.
11:46:57.561	DesktopGuides.Production	NotificationKind_Other	NotificationProcessing_ImportantMostRecent	DesktopGuidesStatus	Text size 110%.
11:46:58.109	DesktopGuides.Production	NotificationKind_Other	NotificationProcessing_ImportantMostRecent	DesktopGuidesStatus	Text size 125%.
11:46:58.653	DesktopGuides.Production	NotificationKind_Other	NotificationProcessing_ImportantMostRecent	DesktopGuidesStatus	Text size 150%.
11:47:01.092	DesktopGuides.Production	NotificationKind_Other	NotificationProcessing_ImportantMostRecent	DesktopGuidesStatus	Text size 100%.
11:47:02.027	DesktopGuides.Production	NotificationKind_Other	NotificationProcessing_ImportantMostRecent	DesktopGuidesStatus	Text size 110%.
11:47:02.090	DesktopGuides.Production	NotificationKind_Other	NotificationProcessing_ImportantMostRecent	DesktopGuidesStatus	Text size 125%.
11:47:02.747	DesktopGuides.Production	NotificationKind_Other	NotificationProcessing_ImportantMostRecent	DesktopGuidesStatus	Loading game…
11:47:02.773	DesktopGuides.Production	NotificationKind_Other	NotificationProcessing_ImportantMostRecent	DesktopGuidesStatus	Game ready.
11:47:03.317	DesktopGuides.Production	NotificationKind_Other	NotificationProcessing_ImportantMostRecent	DesktopGuidesStatus	Opening guide…
11:47:03.334	DesktopGuides.Production	NotificationKind_Other	NotificationProcessing_ImportantMostRecent	DesktopGuidesStatus	Loading guide…
11:47:04.182	DesktopGuides.Production	NotificationKind_Other	NotificationProcessing_ImportantMostRecent	DesktopGuidesStatus	Guide ready.
11:47:04.902	DesktopGuides.Production	NotificationKind_Other	NotificationProcessing_ImportantMostRecent	DesktopGuidesStatus	Text size 90%.
11:47:05.859	DesktopGuides.Production	NotificationKind_Other	NotificationProcessing_ImportantMostRecent	DesktopGuidesStatus	Loading game…
11:47:05.875	DesktopGuides.Production	NotificationKind_Other	NotificationProcessing_ImportantMostRecent	DesktopGuidesStatus	Game ready.
11:47:06.520	DesktopGuides.Production	NotificationKind_Other	NotificationProcessing_ImportantMostRecent	DesktopGuidesStatus	Opening guide…
11:47:06.533	DesktopGuides.Production	NotificationKind_Other	NotificationProcessing_ImportantMostRecent	DesktopGuidesStatus	Loading guide…
11:47:06.549	DesktopGuides.Production	NotificationKind_Other	NotificationProcessing_ImportantMostRecent	DesktopGuidesStatus	Guide ready.
11:47:07.271	DesktopGuides.Production	NotificationKind_Other	NotificationProcessing_ImportantMostRecent	DesktopGuidesStatus	Loading game…
11:47:07.285	DesktopGuides.Production	NotificationKind_Other	NotificationProcessing_ImportantMostRecent	DesktopGuidesStatus	Game ready.
11:47:10.523	DesktopGuides.Production	NotificationKind_Other	NotificationProcessing_ImportantMostRecent	DesktopGuidesStatus	Loading library…
11:47:10.539	DesktopGuides.Production	NotificationKind_Other	NotificationProcessing_ImportantMostRecent	DesktopGuidesStatus	Library ready.
11:47:12.746	DesktopGuides.Production	NotificationKind_Other	NotificationProcessing_ImportantMostRecent	DesktopGuidesStatus	Loading game…
11:47:12.770	DesktopGuides.Production	NotificationKind_Other	NotificationProcessing_ImportantMostRecent	DesktopGuidesStatus	Game ready.
11:47:13.317	DesktopGuides.Production	NotificationKind_Other	NotificationProcessing_ImportantMostRecent	DesktopGuidesStatus	Opening guide…
11:47:13.362	DesktopGuides.Production	NotificationKind_Other	NotificationProcessing_ImportantMostRecent	DesktopGuidesStatus	Loading guide…
11:47:13.438	DesktopGuides.Production	NotificationKind_Other	NotificationProcessing_ImportantMostRecent	DesktopGuidesStatus	Guide ready.
11:47:14.152	DesktopGuides.Production	NotificationKind_Other	NotificationProcessing_ImportantMostRecent	DesktopGuidesStatus	Loading game…
11:47:14.169	DesktopGuides.Production	NotificationKind_Other	NotificationProcessing_ImportantMostRecent	DesktopGuidesStatus	Game ready.
11:47:14.713	DesktopGuides.Production	NotificationKind_Other	NotificationProcessing_ImportantMostRecent	DesktopGuidesStatus	Opening guide…
11:47:14.725	DesktopGuides.Production	NotificationKind_Other	NotificationProcessing_ImportantMostRecent	DesktopGuidesStatus	Loading guide…
11:47:15.529	DesktopGuides.Production	NotificationKind_Other	NotificationProcessing_ImportantMostRecent	DesktopGuidesStatus	Guide ready.
11:47:16.449	DesktopGuides.Production	NotificationKind_Other	NotificationProcessing_ImportantMostRecent	DesktopGuidesStatus	Loading game…
11:47:16.460	DesktopGuides.Production	NotificationKind_Other	NotificationProcessing_ImportantMostRecent	DesktopGuidesStatus	Game ready.
11:47:17.185	DesktopGuides.Production	NotificationKind_Other	NotificationProcessing_ImportantMostRecent	DesktopGuidesStatus	Opening guide…
11:47:17.196	DesktopGuides.Production	NotificationKind_Other	NotificationProcessing_ImportantMostRecent	DesktopGuidesStatus	Loading guide…
11:47:17.213	DesktopGuides.Production	NotificationKind_Other	NotificationProcessing_ImportantMostRecent	DesktopGuidesStatus	Guide ready.
11:47:17.958	DesktopGuides.Production	NotificationKind_Other	NotificationProcessing_ImportantMostRecent	DesktopGuidesStatus	Loading game…
11:47:17.972	DesktopGuides.Production	NotificationKind_Other	NotificationProcessing_ImportantMostRecent	DesktopGuidesStatus	Game ready.
11:47:20.460	DesktopGuides.Production	NotificationKind_Other	NotificationProcessing_ImportantMostRecent	DesktopGuidesStatus	Opening guide…
11:47:20.472	DesktopGuides.Production	NotificationKind_Other	NotificationProcessing_ImportantMostRecent	DesktopGuidesStatus	Loading guide…
11:47:21.158	DesktopGuides.Production	NotificationKind_Other	NotificationProcessing_ImportantMostRecent	DesktopGuidesStatus	Guide ready.
11:47:21.852	DesktopGuides.Production	NotificationKind_Other	NotificationProcessing_ImportantMostRecent	DesktopGuidesStatus	Loading game…
11:47:21.869	DesktopGuides.Production	NotificationKind_Other	NotificationProcessing_ImportantMostRecent	DesktopGuidesStatus	Game ready.
11:47:24.491	DesktopGuides.Production	NotificationKind_Other	NotificationProcessing_ImportantMostRecent	DesktopGuidesStatus	Loading library…
11:47:24.511	DesktopGuides.Production	NotificationKind_Other	NotificationProcessing_ImportantMostRecent	DesktopGuidesStatus	Library ready.
11:47:26.785	DesktopGuides.Production	NotificationKind_Other	NotificationProcessing_ImportantMostRecent	DesktopGuidesStatus	Loading game…
11:47:26.808	DesktopGuides.Production	NotificationKind_Other	NotificationProcessing_ImportantMostRecent	DesktopGuidesStatus	Game ready.
11:47:27.371	DesktopGuides.Production	NotificationKind_Other	NotificationProcessing_ImportantMostRecent	DesktopGuidesStatus	Opening guide…
11:47:27.414	DesktopGuides.Production	NotificationKind_Other	NotificationProcessing_ImportantMostRecent	DesktopGuidesStatus	Loading guide…
11:47:27.505	DesktopGuides.Production	NotificationKind_Other	NotificationProcessing_ImportantMostRecent	DesktopGuidesStatus	Guide ready.
11:48:00.072	DesktopGuides.Production	NotificationKind_Other	NotificationProcessing_ImportantAll	InfoBarOpenedActivityId	Error icon  Couldn't save the text size: SQLite Error 5: 'database is locked'.
11:48:02.408	DesktopGuides.Production	NotificationKind_Other	NotificationProcessing_ImportantMostRecent	DesktopGuidesStatus	Text size 150%.
11:48:09.020	stopped
